datetime,station_antwerp,station_paris,station_london
2019-05-07 02:00:00,50.5,25.0,23.0
2019-05-07 03:00:00,50.5,25.0,19.0
2019-05-07 04:00:00,45.0,27.7,19.0
2019-05-07 05:00:00,44.04347826086956,50.4,16.0
2019-05-07 06:00:00,43.08695652173913,61.9,21.0
2019-05-07 07:00:00,42.130434782608695,72.4,26.0
2019-05-07 08:00:00,41.17391304347826,77.7,32.0
2019-05-07 09:00:00,40.21739130434783,67.9,32.0
2019-05-07 10:00:00,39.26086956521739,56.0,28.0
2019-05-07 11:00:00,38.30434782608695,34.5,21.0
2019-05-07 12:00:00,37.34782608695652,20.1,21.0
2019-05-07 13:00:00,36.391304347826086,13.0,18.0
2019-05-07 14:00:00,35.434782608695656,10.6,20.0
2019-05-07 15:00:00,34.47826086956522,13.2,18.0
2019-05-07 16:00:00,33.52173913043478,11.0,20.0
2019-05-07 17:00:00,32.565217391304344,11.7,20.0
2019-05-07 18:00:00,31.608695652173914,18.2,21.0
2019-05-07 19:00:00,30.652173913043477,22.3,20.0
2019-05-07 20:00:00,29.695652173913043,21.4,20.0
2019-05-07 21:00:00,28.73913043478261,26.8,24.0
2019-05-07 22:00:00,27.782608695652172,36.2,24.0
2019-05-07 23:00:00,26.82608695652174,33.9,24.0
2019-05-08 00:00:00,25.869565217391305,35.8,24.0
2019-05-08 01:00:00,24.913043478260867,34.0,19.0
2019-05-08 02:00:00,23.956521739130434,22.1,19.0
2019-05-08 03:00:00,23.0,19.6,20.0
2019-05-08 04:00:00,20.5,15.3,20.0
2019-05-08 05:00:00,20.47826086956522,13.5,19.0
2019-05-08 06:00:00,20.456521739130434,15.5,19.0
2019-05-08 07:00:00,20.434782608695652,19.3,29.0
2019-05-08 08:00:00,20.41304347826087,21.7,34.0
2019-05-08 09:00:00,20.391304347826086,19.5,36.0
2019-05-08 10:00:00,20.369565217391305,17.0,33.0
2019-05-08 11:00:00,20.347826086956523,19.7,28.0
2019-05-08 12:00:00,20.32608695652174,33.4,27.0
2019-05-08 13:00:00,20.304347826086957,21.4,26.0
2019-05-08 14:00:00,20.282608695652176,15.1,26.0
2019-05-08 15:00:00,20.26086956521739,14.3,24.0
2019-05-08 16:00:00,20.23913043478261,25.3,27.0
2019-05-08 17:00:00,20.217391304347824,26.0,28.0
2019-05-08 18:00:00,20.195652173913043,38.6,31.0
2019-05-08 19:00:00,20.17391304347826,29.3,40.0
2019-05-08 20:00:00,20.152173913043477,27.8,25.0
2019-05-08 21:00:00,20.130434782608695,41.3,29.0
2019-05-08 22:00:00,20.108695652173914,38.3,26.0
2019-05-08 23:00:00,20.08695652173913,48.9,25.5
2019-05-09 00:00:00,20.065217391304348,32.2,25.0
2019-05-09 01:00:00,20.043478260869566,25.2,30.0
2019-05-09 02:00:00,20.02173913043478,14.7,30.5
2019-05-09 03:00:00,20.0,10.6,31.0
2019-05-09 04:00:00,20.5,10.0,31.0
2019-05-09 05:00:00,20.065217391304348,10.4,33.0
2019-05-09 06:00:00,19.630434782608695,15.3,33.0
2019-05-09 07:00:00,19.195652173913043,34.5,33.0
2019-05-09 08:00:00,18.76086956521739,50.7,33.0
2019-05-09 09:00:00,18.32608695652174,49.0,35.0
2019-05-09 10:00:00,17.891304347826086,32.2,36.0
2019-05-09 11:00:00,17.456521739130434,32.3,28.0
2019-05-09 12:00:00,17.02173913043478,43.1,27.0
2019-05-09 13:00:00,16.58695652173913,34.2,30.0
2019-05-09 14:00:00,16.152173913043477,35.1,27.0
2019-05-09 15:00:00,15.717391304347826,21.3,34.0
2019-05-09 16:00:00,15.282608695652174,24.6,97.0
2019-05-09 17:00:00,14.847826086956522,23.9,67.0
2019-05-09 18:00:00,14.41304347826087,27.0,60.0
2019-05-09 19:00:00,13.978260869565219,29.9,58.0
2019-05-09 20:00:00,13.543478260869566,24.4,62.0
2019-05-09 21:00:00,13.108695652173914,23.8,59.0
2019-05-09 22:00:00,12.673913043478262,29.2,65.0
2019-05-09 23:00:00,12.23913043478261,34.5,59.0
2019-05-10 00:00:00,11.804347826086957,29.7,59.0
2019-05-10 01:00:00,11.369565217391305,26.7,52.0
2019-05-10 02:00:00,10.934782608695652,22.7,52.0
2019-05-10 03:00:00,10.5,19.1,41.0
2019-05-10 04:00:00,11.5,14.1,41.0
2019-05-10 05:00:00,12.152173913043478,15.0,40.0
2019-05-10 06:00:00,12.804347826086957,20.5,40.0
2019-05-10 07:00:00,13.456521739130435,37.8,39.0
2019-05-10 08:00:00,14.108695652173914,47.4,36.0
2019-05-10 09:00:00,14.76086956521739,57.3,39.0
2019-05-10 10:00:00,15.41304347826087,60.7,34.0
2019-05-10 11:00:00,16.065217391304348,53.4,31.0
2019-05-10 12:00:00,16.717391304347828,35.1,29.0
2019-05-10 13:00:00,17.369565217391305,23.2,28.0
2019-05-10 14:00:00,18.02173913043478,25.3,26.0
2019-05-10 15:00:00,18.67391304347826,22.0,25.0
2019-05-10 16:00:00,19.32608695652174,29.3,25.0
2019-05-10 17:00:00,19.97826086956522,29.6,24.0
2019-05-10 18:00:00,20.630434782608695,30.8,26.0
2019-05-10 19:00:00,21.282608695652172,37.8,26.0
2019-05-10 20:00:00,21.934782608695652,33.4,29.0
2019-05-10 21:00:00,22.586956521739133,39.3,29.0
2019-05-10 22:00:00,23.23913043478261,43.6,29.0
2019-05-10 23:00:00,23.891304347826086,37.0,31.0
2019-05-11 00:00:00,24.543478260869563,28.1,31.0
2019-05-11 01:00:00,25.195652173913043,26.0,27.0
2019-05-11 02:00:00,25.847826086956523,24.8,27.0
2019-05-11 03:00:00,26.5,15.5,32.0
2019-05-11 04:00:00,21.0,14.9,32.0
2019-05-11 05:00:00,20.847826086956523,18.4,35.0
2019-05-11 06:00:00,20.695652173913043,21.9,35.0
2019-05-11 07:00:00,20.543478260869566,25.4,30.0
2019-05-11 08:00:00,20.391304347826086,28.9,30.0
2019-05-11 09:00:00,20.23913043478261,29.0,27.0
2019-05-11 10:00:00,20.08695652173913,32.1,30.0
2019-05-11 11:00:00,19.934782608695652,35.7,29.666666666666668
2019-05-11 12:00:00,19.782608695652172,36.8,29.333333333333332
2019-05-11 13:00:00,19.630434782608695,33.2,29.0
2019-05-11 14:00:00,19.47826086956522,30.2,28.666666666666668
2019-05-11 15:00:00,19.32608695652174,30.8,28.333333333333332
2019-05-11 16:00:00,19.17391304347826,17.8,28.0
2019-05-11 17:00:00,19.02173913043478,18.0,26.0
2019-05-11 18:00:00,18.869565217391305,19.5,28.0
2019-05-11 19:00:00,18.717391304347828,32.0,31.0
2019-05-11 20:00:00,18.565217391304348,33.1,33.0
2019-05-11 21:00:00,18.41304347826087,31.2,33.0
2019-05-11 22:00:00,18.26086956521739,24.2,34.0
2019-05-11 23:00:00,18.108695652173914,21.1,37.0
2019-05-12 00:00:00,17.956521739130434,27.7,37.0
2019-05-12 01:00:00,17.804347826086957,26.4,35.0
2019-05-12 02:00:00,17.652173913043477,22.8,35.0
2019-05-12 03:00:00,17.5,19.2,38.0
2019-05-12 04:00:00,20.0,17.2,38.0
2019-05-12 05:00:00,19.76086956521739,16.0,36.0
2019-05-12 06:00:00,19.52173913043478,16.2,36.0
2019-05-12 07:00:00,19.282608695652172,19.2,38.0
2019-05-12 08:00:00,19.043478260869566,20.1,44.0
2019-05-12 09:00:00,18.804347826086957,15.9,32.0
2019-05-12 10:00:00,18.565217391304348,14.6,26.0
2019-05-12 11:00:00,18.32608695652174,11.7,26.0
2019-05-12 12:00:00,18.08695652173913,11.4,21.0
2019-05-12 13:00:00,17.847826086956523,11.4,20.0
2019-05-12 14:00:00,17.608695652173914,10.9,19.0
2019-05-12 15:00:00,17.369565217391305,8.7,21.0
2019-05-12 16:00:00,17.130434782608695,9.1,22.0
2019-05-12 17:00:00,16.891304347826086,9.6,23.0
2019-05-12 18:00:00,16.652173913043477,11.7,24.0
2019-05-12 19:00:00,16.41304347826087,13.9,22.0
2019-05-12 20:00:00,16.17391304347826,18.2,22.0
2019-05-12 21:00:00,15.934782608695652,19.5,22.0
2019-05-12 22:00:00,15.695652173913043,24.1,21.0
2019-05-12 23:00:00,15.456521739130434,34.2,22.0
2019-05-13 00:00:00,15.217391304347826,46.5,22.0
2019-05-13 01:00:00,14.978260869565217,32.5,22.0
2019-05-13 02:00:00,14.73913043478261,25.0,22.0
2019-05-13 03:00:00,14.5,18.9,24.0
2019-05-13 04:00:00,14.5,18.5,24.0
2019-05-13 05:00:00,14.5,18.9,33.0
2019-05-13 06:00:00,14.5,25.1,33.0
2019-05-13 07:00:00,14.5,38.3,39.0
2019-05-13 08:00:00,14.5,45.2,39.0
2019-05-13 09:00:00,14.5,41.0,31.0
2019-05-13 10:00:00,14.5,32.1,29.0
2019-05-13 11:00:00,14.5,20.6,27.0
2019-05-13 12:00:00,14.5,12.8,26.0
2019-05-13 13:00:00,14.5,9.6,24.0
2019-05-13 14:00:00,14.5,9.2,25.0
2019-05-13 15:00:00,14.5,10.1,26.0
2019-05-13 16:00:00,14.5,10.7,28.0
2019-05-13 17:00:00,14.5,10.6,29.0
2019-05-13 18:00:00,14.5,12.1,30.0
2019-05-13 19:00:00,14.5,13.0,30.0
2019-05-13 20:00:00,14.5,15.5,31.0
2019-05-13 21:00:00,14.5,23.9,31.0
2019-05-13 22:00:00,14.5,28.3,31.0
2019-05-13 23:00:00,14.5,30.4,31.0
2019-05-14 00:00:00,14.5,27.3,31.0
2019-05-14 01:00:00,14.5,22.8,23.0
2019-05-14 02:00:00,14.5,20.9,23.0
2019-05-14 03:00:00,14.5,19.1,26.0
2019-05-14 04:00:00,11.5,19.0,26.0
2019-05-14 05:00:00,12.108695652173914,22.1,30.0
2019-05-14 06:00:00,12.717391304347826,31.6,30.0
2019-05-14 07:00:00,13.326086956521738,38.6,33.0
2019-05-14 08:00:00,13.934782608695652,46.1,34.0
2019-05-14 09:00:00,14.543478260869565,41.3,33.0
2019-05-14 10:00:00,15.152173913043478,28.8,30.0
2019-05-14 11:00:00,15.76086956521739,19.0,31.0
2019-05-14 12:00:00,16.369565217391305,12.9,27.0
2019-05-14 13:00:00,16.97826086956522,11.3,25.0
2019-05-14 14:00:00,17.58695652173913,10.2,25.0
2019-05-14 15:00:00,18.195652173913043,11.0,25.0
2019-05-14 16:00:00,18.804347826086957,15.2,29.0
2019-05-14 17:00:00,19.413043478260867,13.4,32.0
2019-05-14 18:00:00,20.02173913043478,15.3,33.0
2019-05-14 19:00:00,20.630434782608695,17.7,30.0
2019-05-14 20:00:00,21.23913043478261,17.9,28.0
2019-05-14 21:00:00,21.847826086956523,23.3,27.0
2019-05-14 22:00:00,22.456521739130434,28.4,25.0
2019-05-14 23:00:00,23.065217391304348,29.0,26.0
2019-05-15 00:00:00,23.673913043478258,30.9,26.0
2019-05-15 01:00:00,24.282608695652172,24.3,22.0
2019-05-15 02:00:00,24.891304347826086,18.8,22.0
2019-05-15 03:00:00,25.5,17.2,22.0
2019-05-15 04:00:00,22.5,16.8,22.0
2019-05-15 05:00:00,22.73913043478261,17.9,25.0
2019-05-15 06:00:00,22.97826086956522,28.9,25.0
2019-05-15 07:00:00,23.217391304347828,46.5,33.0
2019-05-15 08:00:00,23.456521739130434,48.1,33.0
2019-05-15 09:00:00,23.695652173913043,32.1,34.0
2019-05-15 10:00:00,23.934782608695652,25.7,35.0
2019-05-15 11:00:00,24.17391304347826,0.0,36.0
2019-05-15 12:00:00,24.41304347826087,0.0,35.0
2019-05-15 13:00:00,24.652173913043477,0.0,30.0
2019-05-15 14:00:00,24.891304347826086,9.4,31.0
2019-05-15 15:00:00,25.130434782608695,10.0,30.0
2019-05-15 16:00:00,25.369565217391305,11.9,38.0
2019-05-15 17:00:00,25.608695652173914,12.9,38.0
2019-05-15 18:00:00,25.847826086956523,12.2,33.0
2019-05-15 19:00:00,26.08695652173913,12.9,35.0
2019-05-15 20:00:00,26.32608695652174,16.5,33.0
2019-05-15 21:00:00,26.565217391304348,20.3,31.0
2019-05-15 22:00:00,26.804347826086957,30.1,32.0
2019-05-15 23:00:00,27.043478260869566,36.0,33.0
2019-05-16 00:00:00,27.282608695652172,44.1,33.0
2019-05-16 01:00:00,27.52173913043478,30.9,33.0
2019-05-16 02:00:00,27.76086956521739,27.4,33.0
2019-05-16 03:00:00,28.0,26.0,28.0
2019-05-16 04:00:00,28.28125,26.7,28.0
2019-05-16 05:00:00,28.5625,27.9,26.0
2019-05-16 06:00:00,28.84375,37.0,26.0
2019-05-16 07:00:00,29.125,52.6,33.0
2019-05-16 08:00:00,29.40625,46.3,34.0
2019-05-16 09:00:00,29.6875,40.0,33.0
2019-05-16 10:00:00,29.96875,39.4,32.0
2019-05-16 11:00:00,30.25,29.5,31.0
2019-05-16 12:00:00,30.53125,13.5,33.0
2019-05-16 13:00:00,30.8125,10.5,30.0
2019-05-16 14:00:00,31.09375,9.2,27.0
2019-05-16 15:00:00,31.375,8.5,27.0
2019-05-16 16:00:00,31.65625,8.1,26.0
2019-05-16 17:00:00,31.9375,10.1,29.0
2019-05-16 18:00:00,32.21875,10.3,30.0
2019-05-16 19:00:00,32.5,13.5,25.0
2019-05-16 20:00:00,32.78125,15.9,27.0
2019-05-16 21:00:00,33.0625,14.4,26.0
2019-05-16 22:00:00,33.34375,24.8,25.0
2019-05-16 23:00:00,33.625,24.3,25.0
2019-05-17 00:00:00,33.90625,37.1,25.0
2019-05-17 01:00:00,34.1875,43.7,23.0
2019-05-17 02:00:00,34.46875,46.3,23.0
2019-05-17 03:00:00,34.75,26.1,21.0
2019-05-17 04:00:00,35.03125,24.6,21.0
2019-05-17 05:00:00,35.3125,26.6,21.0
2019-05-17 06:00:00,35.59375,28.4,21.0
2019-05-17 07:00:00,35.875,34.0,25.0
2019-05-17 08:00:00,36.15625,46.3,27.0
2019-05-17 09:00:00,36.4375,55.0,27.0
2019-05-17 10:00:00,36.71875,57.5,29.0
2019-05-17 11:00:00,37.0,60.5,30.0
2019-05-17 12:00:00,37.28125,51.5,30.0
2019-05-17 13:00:00,37.5625,43.1,30.0
2019-05-17 14:00:00,37.84375,46.5,29.0
2019-05-17 15:00:00,38.125,37.9,31.0
2019-05-17 16:00:00,38.40625,27.0,32.0
2019-05-17 17:00:00,38.6875,22.2,30.0
2019-05-17 18:00:00,38.96875,20.7,29.0
2019-05-17 19:00:00,39.25,27.9,31.0
2019-05-17 20:00:00,39.53125,33.6,36.0
2019-05-17 21:00:00,39.8125,24.7,36.0
2019-05-17 22:00:00,40.09375,23.5,36.0
2019-05-17 23:00:00,40.375,24.3,35.0
2019-05-18 00:00:00,40.65625,28.2,35.0
2019-05-18 01:00:00,40.9375,34.1,31.0
2019-05-18 02:00:00,41.21875,31.5,31.0
2019-05-18 03:00:00,41.5,37.4,31.0
2019-05-18 04:00:00,41.14705882352941,29.0,31.0
2019-05-18 05:00:00,40.794117647058826,16.1,29.0
2019-05-18 06:00:00,40.44117647058823,16.6,29.0
2019-05-18 07:00:00,40.088235294117645,20.1,27.0
2019-05-18 08:00:00,39.73529411764706,22.1,29.0
2019-05-18 09:00:00,39.38235294117647,27.4,35.0
2019-05-18 10:00:00,39.029411764705884,20.4,32.0
2019-05-18 11:00:00,38.6764705882353,21.1,35.0
2019-05-18 12:00:00,38.3235294117647,24.1,34.0
2019-05-18 13:00:00,37.970588235294116,17.5,38.0
2019-05-18 14:00:00,37.61764705882353,12.9,29.0
2019-05-18 15:00:00,37.26470588235294,10.5,27.0
2019-05-18 16:00:00,36.911764705882355,11.8,28.0
2019-05-18 17:00:00,36.55882352941177,13.0,30.0
2019-05-18 18:00:00,36.205882352941174,14.6,42.0
2019-05-18 19:00:00,35.85294117647059,12.8,42.0
2019-05-18 20:00:00,35.5,14.5,36.0
2019-05-18 21:00:00,35.5,67.5,35.0
2019-05-18 22:00:00,40.0,36.2,41.0
2019-05-18 23:00:00,39.0,59.3,46.0
2019-05-19 00:00:00,34.5,62.5,46.0
2019-05-19 01:00:00,29.5,50.2,49.0
2019-05-19 02:00:00,23.5,49.6,49.0
2019-05-19 03:00:00,22.5,34.9,49.0
2019-05-19 04:00:00,19.0,38.1,49.0
2019-05-19 05:00:00,19.0,36.4,49.0
2019-05-19 06:00:00,21.0,39.4,49.0
2019-05-19 07:00:00,26.0,40.9,38.0
2019-05-19 08:00:00,30.5,31.1,36.0
2019-05-19 09:00:00,30.0,32.4,33.0
2019-05-19 10:00:00,23.5,31.7,30.0
2019-05-19 11:00:00,16.0,33.0,27.0
2019-05-19 12:00:00,17.5,31.0,28.0
2019-05-19 13:00:00,17.0,32.6,25.0
2019-05-19 14:00:00,16.0,27.9,27.0
2019-05-19 15:00:00,14.5,21.0,31.0
2019-05-19 16:00:00,23.0,23.8,29.0
2019-05-19 17:00:00,33.0,31.7,28.0
2019-05-19 18:00:00,17.5,32.5,27.0
2019-05-19 19:00:00,18.5,33.9,29.0
2019-05-19 20:00:00,15.5,32.7,30.0
2019-05-19 21:00:00,26.0,51.2,32.0
2019-05-19 22:00:00,15.0,35.6,32.0
2019-05-19 23:00:00,12.5,23.2,32.0
2019-05-20 00:00:00,18.5,22.2,32.0
2019-05-20 01:00:00,16.5,18.8,28.0
2019-05-20 02:00:00,26.0,16.4,28.0
2019-05-20 03:00:00,17.0,12.8,32.0
2019-05-20 04:00:00,10.5,12.1,32.0
2019-05-20 05:00:00,9.0,12.6,26.0
2019-05-20 06:00:00,14.0,14.9,26.0
2019-05-20 07:00:00,20.0,25.2,31.0
2019-05-20 08:00:00,26.0,40.1,31.0
2019-05-20 09:00:00,38.0,46.9,29.0
2019-05-20 10:00:00,40.0,46.1,29.0
2019-05-20 11:00:00,30.5,45.5,28.0
2019-05-20 12:00:00,25.0,43.9,28.0
2019-05-20 13:00:00,25.0,35.4,28.0
2019-05-20 14:00:00,34.5,23.8,29.0
2019-05-20 15:00:00,32.0,23.7,32.0
2019-05-20 16:00:00,24.5,27.5,32.0
2019-05-20 17:00:00,25.5,26.5,29.0
2019-05-20 18:00:00,24.5,32.4,30.0
2019-05-20 19:00:00,23.5,24.6,33.0
2019-05-20 20:00:00,22.5,32.2,32.0
2019-05-20 21:00:00,21.5,21.3,32.0
2019-05-20 22:00:00,20.5,21.6,34.0
2019-05-20 23:00:00,19.5,20.3,47.0
2019-05-21 00:00:00,18.5,20.7,47.0
2019-05-21 01:00:00,17.5,19.6,35.0
2019-05-21 02:00:00,16.5,16.9,35.0
2019-05-21 03:00:00,15.5,16.3,26.0
2019-05-21 04:00:00,15.708333333333334,17.7,26.0
2019-05-21 05:00:00,15.916666666666666,17.9,23.0
2019-05-21 06:00:00,16.125,18.5,23.0
2019-05-21 07:00:00,16.333333333333332,38.0,30.0
2019-05-21 08:00:00,16.541666666666668,62.6,27.0
2019-05-21 09:00:00,16.75,56.0,28.0
2019-05-21 10:00:00,16.958333333333332,54.2,29.0
2019-05-21 11:00:00,17.166666666666668,48.1,29.0
2019-05-21 12:00:00,17.375,30.4,26.0
2019-05-21 13:00:00,17.583333333333332,25.5,26.0
2019-05-21 14:00:00,17.791666666666668,30.5,28.0
2019-05-21 15:00:00,18.0,49.7,33.0
2019-05-21 16:00:00,18.208333333333332,47.8,34.0
2019-05-21 17:00:00,18.416666666666668,36.6,34.0
2019-05-21 18:00:00,18.625,42.3,37.0
2019-05-21 19:00:00,18.833333333333332,75.0,35.0
2019-05-21 20:00:00,19.041666666666668,54.3,40.0
2019-05-21 21:00:00,19.25,50.0,38.0
2019-05-21 22:00:00,19.458333333333332,40.8,33.0
2019-05-21 23:00:00,19.666666666666664,43.0,33.0
2019-05-22 00:00:00,19.875,33.2,33.0
2019-05-22 01:00:00,20.083333333333332,29.5,30.0
2019-05-22 02:00:00,20.291666666666664,27.1,30.0
2019-05-22 03:00:00,20.5,27.9,27.0
2019-05-22 04:00:00,22.166666666666668,19.2,27.0
2019-05-22 05:00:00,23.833333333333332,25.2,21.0
2019-05-22 06:00:00,25.5,33.7,21.0
2019-05-22 07:00:00,27.166666666666664,45.1,28.0
2019-05-22 08:00:00,28.833333333333332,75.7,29.0
2019-05-22 09:00:00,30.5,75.4,31.0
2019-05-22 10:00:00,32.166666666666664,70.8,31.0
2019-05-22 11:00:00,33.83333333333333,63.1,31.0
2019-05-22 12:00:00,35.5,57.8,28.0
2019-05-22 13:00:00,37.166666666666664,42.6,25.0
2019-05-22 14:00:00,38.83333333333333,42.2,25.0
2019-05-22 15:00:00,40.5,38.5,28.0
2019-05-22 16:00:00,42.166666666666664,40.0,30.0
2019-05-22 17:00:00,43.83333333333333,33.2,32.0
2019-05-22 18:00:00,45.5,34.9,34.0
2019-05-22 19:00:00,47.166666666666664,36.1,34.0
2019-05-22 20:00:00,48.83333333333333,34.1,33.0
2019-05-22 21:00:00,50.5,36.2,33.0
2019-05-22 22:00:00,52.166666666666664,44.9,31.0
2019-05-22 23:00:00,53.83333333333333,37.7,32.0
2019-05-23 00:00:00,55.5,29.8,32.0
2019-05-23 01:00:00,57.166666666666664,62.1,23.0
2019-05-23 02:00:00,58.83333333333333,53.3,23.0
2019-05-23 03:00:00,60.5,53.1,20.0
2019-05-23 04:00:00,61.083333333333336,66.6,20.0
2019-05-23 05:00:00,61.666666666666664,76.8,19.0
2019-05-23 06:00:00,62.25,71.9,19.0
2019-05-23 07:00:00,62.833333333333336,68.7,24.0
2019-05-23 08:00:00,63.416666666666664,79.6,26.0
2019-05-23 09:00:00,64.0,91.8,25.0
2019-05-23 10:00:00,64.58333333333333,97.0,23.0
2019-05-23 11:00:00,65.16666666666667,79.4,25.0
2019-05-23 12:00:00,65.75,28.3,24.0
2019-05-23 13:00:00,66.33333333333333,17.0,25.0
2019-05-23 14:00:00,66.91666666666667,16.4,28.0
2019-05-23 15:00:00,67.5,21.2,34.0
2019-05-23 16:00:00,68.08333333333333,17.2,38.0
2019-05-23 17:00:00,68.66666666666667,17.5,53.0
2019-05-23 18:00:00,69.25,17.8,60.0
2019-05-23 19:00:00,69.83333333333333,22.7,54.0
2019-05-23 20:00:00,70.41666666666667,23.5,51.0
2019-05-23 21:00:00,71.0,28.0,45.0
2019-05-23 22:00:00,71.58333333333333,33.8,44.0
2019-05-23 23:00:00,72.16666666666667,47.0,39.0
2019-05-24 00:00:00,72.75,61.9,39.0
2019-05-24 01:00:00,73.33333333333333,23.2,31.0
2019-05-24 02:00:00,73.91666666666667,32.8,31.0
2019-05-24 03:00:00,74.5,28.8,31.0
2019-05-24 04:00:00,72.60416666666667,28.4,31.0
2019-05-24 05:00:00,70.70833333333333,19.4,23.0
2019-05-24 06:00:00,68.8125,28.1,23.0
2019-05-24 07:00:00,66.91666666666667,35.9,29.0
2019-05-24 08:00:00,65.02083333333333,40.7,28.0
2019-05-24 09:00:00,63.125,54.8,26.0
2019-05-24 10:00:00,61.22916666666667,45.9,24.0
2019-05-24 11:00:00,59.333333333333336,37.9,23.0
2019-05-24 12:00:00,57.4375,28.6,26.0
2019-05-24 13:00:00,55.54166666666667,40.6,29.0
2019-05-24 14:00:00,53.645833333333336,29.3,33.0
2019-05-24 15:00:00,51.75,24.3,39.0
2019-05-24 16:00:00,49.85416666666667,20.5,40.0
2019-05-24 17:00:00,47.958333333333336,22.7,43.0
2019-05-24 18:00:00,46.0625,27.3,46.0
2019-05-24 19:00:00,44.16666666666667,25.2,46.0
2019-05-24 20:00:00,42.270833333333336,23.3,44.0
2019-05-24 21:00:00,40.375,21.9,42.0
2019-05-24 22:00:00,38.47916666666667,31.7,38.0
2019-05-24 23:00:00,36.583333333333336,18.1,39.0
2019-05-25 00:00:00,34.6875,18.0,39.0
2019-05-25 01:00:00,32.79166666666667,16.5,32.0
2019-05-25 02:00:00,30.895833333333336,17.4,32.0
2019-05-25 03:00:00,29.0,12.8,25.0
2019-05-25 04:00:00,30.0,20.3,25.0
2019-05-25 05:00:00,31.0,24.45,21.0
2019-05-25 06:00:00,32.0,28.6,21.0
2019-05-25 07:00:00,33.0,32.75,22.0
2019-05-25 08:00:00,34.0,36.9,22.0
2019-05-25 09:00:00,35.0,42.1,23.0
2019-05-25 10:00:00,36.0,44.5,23.0
2019-05-25 11:00:00,37.0,33.6,21.0
2019-05-25 12:00:00,38.0,26.3,23.0
2019-05-25 13:00:00,39.0,19.5,24.0
2019-05-25 14:00:00,40.0,18.6,26.0
2019-05-25 15:00:00,41.0,26.1,31.0
2019-05-25 16:00:00,42.0,23.6,37.0
2019-05-25 17:00:00,43.0,30.0,42.0
2019-05-25 18:00:00,44.0,31.9,46.0
2019-05-25 19:00:00,45.0,20.6,47.0
2019-05-25 20:00:00,46.0,30.4,47.0
2019-05-25 21:00:00,47.0,22.1,44.0
2019-05-25 22:00:00,48.0,43.6,41.0
2019-05-25 23:00:00,49.0,39.5,36.0
2019-05-26 00:00:00,50.0,63.9,36.0
2019-05-26 01:00:00,51.0,70.2,32.0
2019-05-26 02:00:00,52.0,67.0,32.0
2019-05-26 03:00:00,53.0,49.8,26.0
2019-05-26 04:00:00,51.229166666666664,23.4,26.0
2019-05-26 05:00:00,49.458333333333336,22.9,20.0
2019-05-26 06:00:00,47.6875,22.3,20.0
2019-05-26 07:00:00,45.916666666666664,16.8,17.0
2019-05-26 08:00:00,44.14583333333333,15.1,17.0
2019-05-26 09:00:00,42.375,13.4,15.0
2019-05-26 10:00:00,40.604166666666664,11.0,15.0
2019-05-26 11:00:00,38.83333333333333,10.3,16.0
2019-05-26 12:00:00,37.0625,11.3,17.0
2019-05-26 13:00:00,35.291666666666664,13.3,21.0
2019-05-26 14:00:00,33.52083333333333,11.5,24.0
2019-05-26 15:00:00,31.75,12.5,25.0
2019-05-26 16:00:00,29.979166666666664,15.3,26.0
2019-05-26 17:00:00,28.208333333333332,11.7,27.0
2019-05-26 18:00:00,26.437499999999996,17.1,26.0
2019-05-26 19:00:00,24.666666666666664,17.3,28.0
2019-05-26 20:00:00,22.895833333333332,22.8,26.0
2019-05-26 21:00:00,21.124999999999996,17.8,25.0
2019-05-26 22:00:00,19.354166666666664,16.6,27.0
2019-05-26 23:00:00,17.58333333333333,16.1,26.0
2019-05-27 00:00:00,15.8125,15.2,26.0
2019-05-27 01:00:00,14.041666666666664,10.3,26.0
2019-05-27 02:00:00,12.270833333333329,9.5,26.0
2019-05-27 03:00:00,10.5,7.1,24.0
2019-05-27 04:00:00,10.520833333333334,5.9,24.0
2019-05-27 05:00:00,10.541666666666666,4.8,19.0
2019-05-27 06:00:00,10.5625,6.5,19.0
2019-05-27 07:00:00,10.583333333333334,20.3,18.0
2019-05-27 08:00:00,10.604166666666666,29.1,18.0
2019-05-27 09:00:00,10.625,29.5,18.0
2019-05-27 10:00:00,10.645833333333334,34.2,18.0
2019-05-27 11:00:00,10.666666666666666,31.4,16.0
2019-05-27 12:00:00,10.6875,23.3,17.0
2019-05-27 13:00:00,10.708333333333334,19.3,17.0
2019-05-27 14:00:00,10.729166666666666,17.3,20.0
2019-05-27 15:00:00,10.75,17.5,20.0
2019-05-27 16:00:00,10.770833333333334,17.3,22.0
2019-05-27 17:00:00,10.791666666666666,25.6,22.0
2019-05-27 18:00:00,10.8125,23.6,22.0
2019-05-27 19:00:00,10.833333333333334,22.9,22.0
2019-05-27 20:00:00,10.854166666666666,25.6,22.0
2019-05-27 21:00:00,10.875,22.1,23.0
2019-05-27 22:00:00,10.895833333333334,22.3,20.0
2019-05-27 23:00:00,10.916666666666666,18.8,19.0
2019-05-28 00:00:00,10.9375,19.9,19.0
2019-05-28 01:00:00,10.958333333333334,22.6,16.0
2019-05-28 02:00:00,10.979166666666666,15.4,16.0
2019-05-28 03:00:00,11.0,8.2,16.0
2019-05-28 04:00:00,11.416666666666666,6.4,16.0
2019-05-28 05:00:00,11.833333333333334,6.1,15.0
2019-05-28 06:00:00,12.25,8.9,15.0
2019-05-28 07:00:00,12.666666666666666,19.9,19.0
2019-05-28 08:00:00,13.083333333333332,28.8,20.0
2019-05-28 09:00:00,13.5,33.8,20.0
2019-05-28 10:00:00,13.916666666666666,31.2,20.0
2019-05-28 11:00:00,14.333333333333332,24.3,21.0
2019-05-28 12:00:00,14.75,21.6,21.0
2019-05-28 13:00:00,15.166666666666666,20.5,28.0
2019-05-28 14:00:00,15.583333333333332,24.8,27.0
2019-05-28 15:00:00,16.0,18.5,29.0
2019-05-28 16:00:00,16.416666666666664,18.8,30.0
2019-05-28 17:00:00,16.833333333333332,25.0,27.0
2019-05-28 18:00:00,17.25,26.5,25.0
2019-05-28 19:00:00,17.666666666666664,20.8,29.0
2019-05-28 20:00:00,18.083333333333332,16.2,29.0
2019-05-28 21:00:00,18.5,18.5,29.0
2019-05-28 22:00:00,18.916666666666664,20.4,31.0
2019-05-28 23:00:00,19.333333333333332,20.4,28.0
2019-05-29 00:00:00,19.75,20.2,25.0
2019-05-29 01:00:00,20.166666666666664,25.3,26.0
2019-05-29 02:00:00,20.583333333333332,23.4,26.0
2019-05-29 03:00:00,21.0,21.6,23.0
2019-05-29 04:00:00,20.4375,19.0,23.0
2019-05-29 05:00:00,19.875,20.3,21.0
2019-05-29 06:00:00,19.3125,24.1,21.0
2019-05-29 07:00:00,18.75,36.7,24.0
2019-05-29 08:00:00,18.1875,46.5,22.0
2019-05-29 09:00:00,17.625,50.5,21.0
2019-05-29 10:00:00,17.0625,45.7,18.0
2019-05-29 11:00:00,16.5,34.5,18.0
2019-05-29 12:00:00,15.9375,30.7,18.0
2019-05-29 13:00:00,15.375,22.0,20.0
2019-05-29 14:00:00,14.8125,13.2,13.0
2019-05-29 15:00:00,14.25,17.8,15.0
2019-05-29 16:00:00,13.6875,0.0,5.0
2019-05-29 17:00:00,13.125,0.0,3.0
2019-05-29 18:00:00,12.5625,20.1,5.0
2019-05-29 19:00:00,12.0,22.9,5.0
2019-05-29 20:00:00,11.4375,25.3,5.0
2019-05-29 21:00:00,10.875,24.1,6.0
2019-05-29 22:00:00,10.3125,20.8,6.0
2019-05-29 23:00:00,9.75,16.9,5.0
2019-05-30 00:00:00,9.1875,19.0,5.0
2019-05-30 01:00:00,8.625,19.9,1.0
2019-05-30 02:00:00,8.0625,19.4,1.0
2019-05-30 03:00:00,7.5,12.4,0.0
2019-05-30 04:00:00,7.5625,9.4,0.0
2019-05-30 05:00:00,7.625,10.6,0.0
2019-05-30 06:00:00,7.6875,10.4,0.0
2019-05-30 07:00:00,7.75,12.2,0.0
2019-05-30 08:00:00,7.8125,13.3,2.0
2019-05-30 09:00:00,7.875,18.3,3.0
2019-05-30 10:00:00,7.9375,16.7,5.0
2019-05-30 11:00:00,8.0,15.1,9.0
2019-05-30 12:00:00,8.0625,13.8,13.0
2019-05-30 13:00:00,8.125,14.9,17.0
2019-05-30 14:00:00,8.1875,14.2,20.0
2019-05-30 15:00:00,8.25,16.1,22.0
2019-05-30 16:00:00,8.3125,14.9,22.0
2019-05-30 17:00:00,8.375,13.0,27.0
2019-05-30 18:00:00,8.4375,12.8,30.0
2019-05-30 19:00:00,8.5,20.4,28.0
2019-05-30 20:00:00,8.5625,22.1,28.0
2019-05-30 21:00:00,8.625,22.9,27.0
2019-05-30 22:00:00,8.6875,21.9,27.0
2019-05-30 23:00:00,8.75,26.9,23.0
2019-05-31 00:00:00,8.8125,27.0,23.0
2019-05-31 01:00:00,8.875,29.6,18.0
2019-05-31 02:00:00,8.9375,27.2,18.0
2019-05-31 03:00:00,9.0,36.9,12.0
2019-05-31 04:00:00,10.8125,44.1,12.0
2019-05-31 05:00:00,12.625,40.1,9.0
2019-05-31 06:00:00,14.4375,31.1,9.0
2019-05-31 07:00:00,16.25,37.2,8.0
2019-05-31 08:00:00,18.0625,38.6,9.0
2019-05-31 09:00:00,19.875,47.4,8.0
2019-05-31 10:00:00,21.6875,36.6,37.0
2019-05-31 11:00:00,23.5,19.6,15.0
2019-05-31 12:00:00,25.3125,17.2,16.0
2019-05-31 13:00:00,27.125,15.1,18.0
2019-05-31 14:00:00,28.9375,13.3,21.0
2019-05-31 15:00:00,30.75,13.8,21.0
2019-05-31 16:00:00,32.5625,15.4,24.0
2019-05-31 17:00:00,34.375,15.4,26.0
2019-05-31 18:00:00,36.1875,16.3,26.0
2019-05-31 19:00:00,38.0,20.5,29.0
2019-05-31 20:00:00,39.8125,25.2,33.0
2019-05-31 21:00:00,41.625,23.3,33.0
2019-05-31 22:00:00,43.4375,37.0,31.0
2019-05-31 23:00:00,45.25,60.2,26.0
2019-06-01 00:00:00,47.0625,68.0,26.0
2019-06-01 01:00:00,48.875,81.7,22.0
2019-06-01 02:00:00,50.6875,84.7,22.0
2019-06-01 03:00:00,52.5,74.8,16.0
2019-06-01 04:00:00,52.109375,68.1,16.0
2019-06-01 05:00:00,51.71875,62.224999999999994,11.0
2019-06-01 06:00:00,51.328125,56.349999999999994,11.0
2019-06-01 07:00:00,50.9375,50.475,4.0
2019-06-01 08:00:00,50.546875,44.6,2.0
2019-06-01 09:00:00,50.15625,46.4,8.0
2019-06-01 10:00:00,49.765625,33.3,9.0
2019-06-01 11:00:00,49.375,23.9,12.0
2019-06-01 12:00:00,48.984375,13.8,19.0
2019-06-01 13:00:00,48.59375,12.2,28.0
2019-06-01 14:00:00,48.203125,10.4,33.0
2019-06-01 15:00:00,47.8125,10.2,36.0
2019-06-01 16:00:00,47.421875,10.0,33.0
2019-06-01 17:00:00,47.03125,10.2,31.0
2019-06-01 18:00:00,46.640625,11.8,32.0
2019-06-01 19:00:00,46.25,11.8,36.0
2019-06-01 20:00:00,45.859375,14.5,38.0
2019-06-01 21:00:00,45.46875,24.6,41.0
2019-06-01 22:00:00,45.078125,43.6,44.0
2019-06-01 23:00:00,44.6875,49.4,52.0
2019-06-02 00:00:00,44.296875,48.1,52.0
2019-06-02 01:00:00,43.90625,32.7,44.0
2019-06-02 02:00:00,43.515625,38.1,44.0
2019-06-02 03:00:00,43.125,38.2,43.0
2019-06-02 04:00:00,42.734375,39.2,43.0
2019-06-02 05:00:00,42.34375,23.2,37.0
2019-06-02 06:00:00,41.953125,24.5,37.0
2019-06-02 07:00:00,41.5625,37.2,32.0
2019-06-02 08:00:00,41.171875,24.1,32.0
2019-06-02 09:00:00,40.78125,18.1,30.0
2019-06-02 10:00:00,40.390625,19.5,32.0
2019-06-02 11:00:00,40.0,21.0,35.0
2019-06-02 12:00:00,39.609375,18.1,36.0
2019-06-02 13:00:00,39.21875,13.1,35.0
2019-06-02 14:00:00,38.828125,11.5,34.0
2019-06-02 15:00:00,38.4375,13.0,36.0
2019-06-02 16:00:00,38.046875,15.0,33.0
2019-06-02 17:00:00,37.65625,13.9,32.0
2019-06-02 18:00:00,37.265625,14.4,32.0
2019-06-02 19:00:00,36.875,14.4,34.0
2019-06-02 20:00:00,36.484375,15.6,34.0
2019-06-02 21:00:00,36.09375,25.8,32.0
2019-06-02 22:00:00,35.703125,40.9,28.0
2019-06-02 23:00:00,35.3125,36.9,27.0
2019-06-03 00:00:00,34.921875,27.6,27.0
2019-06-03 01:00:00,34.53125,17.9,21.0
2019-06-03 02:00:00,34.140625,15.7,21.0
2019-06-03 03:00:00,33.75,11.8,11.0
2019-06-03 04:00:00,33.359375,11.7,11.0
2019-06-03 05:00:00,32.96875,9.8,3.0
2019-06-03 06:00:00,32.578125,11.4,3.0
2019-06-03 07:00:00,32.1875,29.0,5.0
2019-06-03 08:00:00,31.796875,44.1,6.0
2019-06-03 09:00:00,31.40625,50.0,7.0
2019-06-03 10:00:00,31.015625,43.9,5.0
2019-06-03 11:00:00,30.625,46.0,11.0
2019-06-03 12:00:00,30.234375,31.7,16.0
2019-06-03 13:00:00,29.84375,27.5,14.0
2019-06-03 14:00:00,29.453125,22.1,15.0
2019-06-03 15:00:00,29.0625,25.8,17.0
2019-06-03 16:00:00,28.671875,23.2,21.0
2019-06-03 17:00:00,28.28125,24.8,22.0
2019-06-03 18:00:00,27.890625,25.3,24.0
2019-06-03 19:00:00,27.5,24.4,24.0
2019-06-03 20:00:00,27.109375,23.1,23.0
2019-06-03 21:00:00,26.71875,28.9,20.0
2019-06-03 22:00:00,26.328125,33.0,20.0
2019-06-03 23:00:00,25.9375,31.1,17.0
2019-06-04 00:00:00,25.546875,30.5,17.0
2019-06-04 01:00:00,25.15625,44.6,12.0
2019-06-04 02:00:00,24.765625,52.4,12.0
2019-06-04 03:00:00,24.375,43.9,8.0
2019-06-04 04:00:00,23.984375,35.0,8.0
2019-06-04 05:00:00,23.59375,41.6,5.0
2019-06-04 06:00:00,23.203125,28.8,5.0
2019-06-04 07:00:00,22.8125,36.5,14.0
2019-06-04 08:00:00,22.421875,47.7,18.0
2019-06-04 09:00:00,22.03125,53.5,22.0
2019-06-04 10:00:00,21.640625,50.8,35.0
2019-06-04 11:00:00,21.25,38.5,31.0
2019-06-04 12:00:00,20.859375,23.3,32.0
2019-06-04 13:00:00,20.46875,19.6,35.0
2019-06-04 14:00:00,20.078125,17.7,37.0
2019-06-04 15:00:00,19.6875,17.4,36.0
2019-06-04 16:00:00,19.296875,18.1,38.0
2019-06-04 17:00:00,18.90625,21.5,38.0
2019-06-04 18:00:00,18.515625,26.3,40.0
2019-06-04 19:00:00,18.125,23.4,29.0
2019-06-04 20:00:00,17.734375,25.2,20.0
2019-06-04 21:00:00,17.34375,17.0,18.0
2019-06-04 22:00:00,16.953125,16.9,17.0
2019-06-04 23:00:00,16.5625,26.3,17.0
2019-06-05 00:00:00,16.171875,33.5,17.0
2019-06-05 01:00:00,15.78125,17.8,13.0
2019-06-05 02:00:00,15.390625,15.7,13.0
2019-06-05 03:00:00,15.0,10.8,4.0
2019-06-05 04:00:00,14.947916666666666,12.4,4.0
2019-06-05 05:00:00,14.895833333333334,16.2,6.0
2019-06-05 06:00:00,14.84375,24.5,6.0
2019-06-05 07:00:00,14.791666666666666,39.2,2.0
2019-06-05 08:00:00,14.739583333333334,35.8,1.0
2019-06-05 09:00:00,14.6875,36.9,0.0
2019-06-05 10:00:00,14.635416666666666,35.3,0.0
2019-06-05 11:00:00,14.583333333333334,36.8,5.0
2019-06-05 12:00:00,14.53125,42.1,7.0
2019-06-05 13:00:00,14.479166666666666,59.0,9.0
2019-06-05 14:00:00,14.427083333333334,47.2,14.0
2019-06-05 15:00:00,14.375,33.6,20.0
2019-06-05 16:00:00,14.322916666666666,38.3,20.0
2019-06-05 17:00:00,14.270833333333334,53.5,19.0
2019-06-05 18:00:00,14.21875,37.9,19.0
2019-06-05 19:00:00,14.166666666666666,48.8,19.0
2019-06-05 20:00:00,14.114583333333334,40.8,19.0
2019-06-05 21:00:00,14.0625,37.8,19.0
2019-06-05 22:00:00,14.010416666666666,37.5,19.0
2019-06-05 23:00:00,13.958333333333334,33.7,17.0
2019-06-06 00:00:00,13.90625,30.3,17.0
2019-06-06 01:00:00,13.854166666666666,31.8,8.0
2019-06-06 02:00:00,13.802083333333334,23.8,6.0
2019-06-06 03:00:00,13.75,18.0,4.0
2019-06-06 04:00:00,13.697916666666666,15.2,4.0
2019-06-06 05:00:00,13.645833333333334,19.2,0.0
2019-06-06 06:00:00,13.59375,28.4,0.0
2019-06-06 07:00:00,13.541666666666666,40.3,1.0
2019-06-06 08:00:00,13.489583333333334,40.5,3.0
2019-06-06 09:00:00,13.4375,43.1,0.0
2019-06-06 10:00:00,13.385416666666666,36.0,1.0
2019-06-06 11:00:00,13.333333333333334,26.0,7.0
2019-06-06 12:00:00,13.28125,21.2,7.0
2019-06-06 13:00:00,13.229166666666666,16.4,12.0
2019-06-06 14:00:00,13.177083333333334,16.5,10.0
2019-06-06 15:00:00,13.125,16.0,11.0
2019-06-06 16:00:00,13.072916666666666,15.1,16.0
2019-06-06 17:00:00,13.020833333333334,15.9625,22.0
2019-06-06 18:00:00,12.96875,16.825,24.0
2019-06-06 19:00:00,12.916666666666668,17.6875,24.0
2019-06-06 20:00:00,12.864583333333334,18.55,24.0
2019-06-06 21:00:00,12.8125,19.4125,22.0
2019-06-06 22:00:00,12.760416666666668,20.275,24.0
2019-06-06 23:00:00,12.708333333333334,21.1375,21.0
2019-06-07 00:00:00,12.65625,22.0,21.0
2019-06-07 01:00:00,12.604166666666668,22.862499999999997,23.0
2019-06-07 02:00:00,12.552083333333334,23.725,23.0
2019-06-07 03:00:00,12.5,24.5875,27.0
2019-06-07 04:00:00,12.447916666666668,25.45,27.0
2019-06-07 05:00:00,12.395833333333334,26.3125,23.0
2019-06-07 06:00:00,12.34375,27.174999999999997,23.0
2019-06-07 07:00:00,12.291666666666668,28.037499999999998,25.0
2019-06-07 08:00:00,12.239583333333334,28.9,23.0
2019-06-07 09:00:00,12.1875,23.0,24.0
2019-06-07 10:00:00,12.135416666666668,29.3,25.0
2019-06-07 11:00:00,12.083333333333334,34.5,23.0
2019-06-07 12:00:00,12.03125,32.1,25.0
2019-06-07 13:00:00,11.979166666666668,26.7,27.0
2019-06-07 14:00:00,11.927083333333334,17.8,20.0
2019-06-07 15:00:00,11.875,15.0,15.0
2019-06-07 16:00:00,11.822916666666668,13.1,15.0
2019-06-07 17:00:00,11.770833333333334,15.6,21.0
2019-06-07 18:00:00,11.71875,19.5,24.0
2019-06-07 19:00:00,11.666666666666668,19.5,27.0
2019-06-07 20:00:00,11.614583333333334,19.1,35.0
2019-06-07 21:00:00,11.5625,19.9,36.0
2019-06-07 22:00:00,11.510416666666668,19.4,35.0
2019-06-07 23:00:00,11.458333333333334,16.3,34.0
2019-06-08 00:00:00,11.40625,14.7,33.0
2019-06-08 01:00:00,11.354166666666668,14.4,28.0
2019-06-08 02:00:00,11.302083333333334,11.3,17.5
2019-06-08 03:00:00,11.25,9.6,7.0
2019-06-08 04:00:00,11.197916666666668,8.4,7.0
2019-06-08 05:00:00,11.145833333333334,9.8,3.0
2019-06-08 06:00:00,11.09375,10.7,3.0
2019-06-08 07:00:00,11.041666666666668,14.1,2.0
2019-06-08 08:00:00,10.989583333333334,13.8,3.0
2019-06-08 09:00:00,10.9375,14.0,4.0
2019-06-08 10:00:00,10.885416666666668,13.0,2.0
2019-06-08 11:00:00,10.833333333333334,11.7,3.0
2019-06-08 12:00:00,10.78125,10.3,4.0
2019-06-08 13:00:00,10.729166666666668,10.4,8.0
2019-06-08 14:00:00,10.677083333333334,9.2,10.0
2019-06-08 15:00:00,10.625,11.1,13.0
2019-06-08 16:00:00,10.572916666666668,10.3,17.0
2019-06-08 17:00:00,10.520833333333334,11.7,19.0
2019-06-08 18:00:00,10.46875,14.1,20.0
2019-06-08 19:00:00,10.416666666666668,14.8,20.0
2019-06-08 20:00:00,10.364583333333334,22.0,19.0
2019-06-08 21:00:00,10.3125,26.9,17.0
2019-06-08 22:00:00,10.260416666666668,31.8,16.0
2019-06-08 23:00:00,10.208333333333334,36.7,18.0
2019-06-09 00:00:00,10.15625,34.8,20.0
2019-06-09 01:00:00,10.104166666666668,47.0,10.0
2019-06-09 02:00:00,10.052083333333334,55.9,10.0
2019-06-09 03:00:00,10.0,41.0,7.0
2019-06-09 04:00:00,10.354166666666666,51.2,7.0
2019-06-09 05:00:00,10.708333333333334,51.5,1.0
2019-06-09 06:00:00,11.0625,43.0,1.0
2019-06-09 07:00:00,11.416666666666666,42.2,5.0
2019-06-09 08:00:00,11.770833333333334,36.7,1.0
2019-06-09 09:00:00,12.125,32.7,0.0
2019-06-09 10:00:00,12.479166666666666,30.2,0.0
2019-06-09 11:00:00,12.833333333333332,25.0,2.0
2019-06-09 12:00:00,13.1875,16.6,5.0
2019-06-09 13:00:00,13.541666666666666,14.6,8.0
2019-06-09 14:00:00,13.895833333333332,14.6,13.0
2019-06-09 15:00:00,14.25,10.2,17.0
2019-06-09 16:00:00,14.604166666666666,7.9,19.0
2019-06-09 17:00:00,14.958333333333332,7.2,24.0
2019-06-09 18:00:00,15.3125,10.3,26.0
2019-06-09 19:00:00,15.666666666666666,13.0,20.0
2019-06-09 20:00:00,16.020833333333332,19.5,21.0
2019-06-09 21:00:00,16.375,30.6,21.0
2019-06-09 22:00:00,16.729166666666664,33.2,22.0
2019-06-09 23:00:00,17.083333333333332,30.9,23.0
2019-06-10 00:00:00,17.4375,37.1,24.0
2019-06-10 01:00:00,17.791666666666664,39.9,21.0
2019-06-10 02:00:00,18.145833333333332,28.1,21.0
2019-06-10 03:00:00,18.5,19.3,25.0
2019-06-10 04:00:00,18.041666666666668,17.8,25.0
2019-06-10 05:00:00,17.583333333333332,18.0,24.0
2019-06-10 06:00:00,17.125,13.7,24.0
2019-06-10 07:00:00,16.666666666666668,21.3,24.0
2019-06-10 08:00:00,16.208333333333332,26.7,22.0
2019-06-10 09:00:00,15.75,23.0,27.0
2019-06-10 10:00:00,15.291666666666666,16.9,34.0
2019-06-10 11:00:00,14.833333333333332,18.5,45.0
2019-06-10 12:00:00,14.375,14.1,41.0
2019-06-10 13:00:00,13.916666666666666,12.2,45.0
2019-06-10 14:00:00,13.458333333333332,11.7,51.0
2019-06-10 15:00:00,13.0,9.6,40.0
2019-06-10 16:00:00,12.541666666666666,9.5,40.0
2019-06-10 17:00:00,12.083333333333332,11.7,31.0
2019-06-10 18:00:00,11.625,15.1,28.0
2019-06-10 19:00:00,11.166666666666666,19.1,26.0
2019-06-10 20:00:00,10.708333333333332,18.4,25.0
2019-06-10 21:00:00,10.25,22.3,26.0
2019-06-10 22:00:00,9.791666666666666,22.6,24.0
2019-06-10 23:00:00,9.333333333333332,23.5,23.0
2019-06-11 00:00:00,8.874999999999998,24.8,23.0
2019-06-11 01:00:00,8.416666666666666,24.1,15.0
2019-06-11 02:00:00,7.958333333333332,19.6,15.0
2019-06-11 03:00:00,7.5,19.1,16.0
2019-06-11 04:00:00,8.0625,29.6,16.0
2019-06-11 05:00:00,8.625,32.3,13.0
2019-06-11 06:00:00,9.1875,52.7,13.0
2019-06-11 07:00:00,9.75,58.7,17.0
2019-06-11 08:00:00,10.3125,55.4,18.0
2019-06-11 09:00:00,10.875,58.0,21.0
2019-06-11 10:00:00,11.4375,43.6,23.0
2019-06-11 11:00:00,12.0,31.7,22.0
2019-06-11 12:00:00,12.5625,22.1,22.0
2019-06-11 13:00:00,13.125,17.3,23.0
2019-06-11 14:00:00,13.6875,12.6,26.0
2019-06-11 15:00:00,14.25,13.1,35.0
2019-06-11 16:00:00,14.8125,16.6,31.0
2019-06-11 17:00:00,15.375,19.8,31.0
2019-06-11 18:00:00,15.9375,22.6,30.0
2019-06-11 19:00:00,16.5,35.5,31.0
2019-06-11 20:00:00,17.0625,44.6,30.0
2019-06-11 21:00:00,17.625,36.1,22.0
2019-06-11 22:00:00,18.1875,42.7,22.0
2019-06-11 23:00:00,18.75,54.1,20.0
2019-06-12 00:00:00,19.3125,59.4,20.0
2019-06-12 01:00:00,19.875,41.5,15.0
2019-06-12 02:00:00,20.4375,37.2,13.666666666666666
2019-06-12 03:00:00,21.0,41.9,12.333333333333334
2019-06-12 04:00:00,21.3125,34.7,11.0
2019-06-12 05:00:00,21.625,36.3,9.0
2019-06-12 06:00:00,21.9375,44.9,9.0
2019-06-12 07:00:00,22.25,42.7,12.0
2019-06-12 08:00:00,22.5625,38.4,17.0
2019-06-12 09:00:00,22.875,44.4,20.0
2019-06-12 10:00:00,23.1875,35.5,22.0
2019-06-12 11:00:00,23.5,26.7,25.0
2019-06-12 12:00:00,23.8125,0.0,35.0
2019-06-12 13:00:00,24.125,0.0,33.0
2019-06-12 14:00:00,24.4375,15.4,33.0
2019-06-12 15:00:00,24.75,17.9,35.0
2019-06-12 16:00:00,25.0625,20.3,42.0
2019-06-12 17:00:00,25.375,16.8,45.0
2019-06-12 18:00:00,25.6875,23.6,43.0
2019-06-12 19:00:00,26.0,24.2,45.0
2019-06-12 20:00:00,26.3125,25.3,33.0
2019-06-12 21:00:00,26.625,23.4,41.0
2019-06-12 22:00:00,26.9375,29.2,43.0
2019-06-12 23:00:00,27.25,29.3,39.0
2019-06-13 00:00:00,27.5625,25.6,35.0
2019-06-13 01:00:00,27.875,26.9,29.0
2019-06-13 02:00:00,28.1875,20.0,27.5
2019-06-13 03:00:00,28.5,18.7,26.0
2019-06-13 04:00:00,28.75,18.0,26.0
2019-06-13 05:00:00,29.0,18.8,16.0
2019-06-13 06:00:00,29.25,24.6,16.0
2019-06-13 07:00:00,29.5,37.0,19.0
2019-06-13 08:00:00,29.75,39.8,21.0
2019-06-13 09:00:00,30.0,40.9,19.0
2019-06-13 10:00:00,30.25,35.3,16.0
2019-06-13 11:00:00,30.5,30.2,18.0
2019-06-13 12:00:00,30.75,24.5,19.0
2019-06-13 13:00:00,31.0,22.7,19.0
2019-06-13 14:00:00,31.25,17.9,16.0
2019-06-13 15:00:00,31.5,18.2,15.0
2019-06-13 16:00:00,31.75,19.4,13.0
2019-06-13 17:00:00,32.0,28.8,11.0
2019-06-13 18:00:00,32.25,36.1,15.0
2019-06-13 19:00:00,32.5,38.2,14.0
2019-06-13 20:00:00,32.75,24.0,13.0
2019-06-13 21:00:00,33.0,27.5,14.0
2019-06-13 22:00:00,33.25,31.5,15.0
2019-06-13 23:00:00,33.5,58.8,15.0
2019-06-14 00:00:00,33.75,77.9,15.0
2019-06-14 01:00:00,34.0,78.3,13.0
2019-06-14 02:00:00,34.25,74.2,10.5
2019-06-14 03:00:00,34.5,68.1,8.0
2019-06-14 04:00:00,34.75,66.6,8.0
2019-06-14 05:00:00,35.0,48.5,6.0
2019-06-14 06:00:00,35.25,37.9,6.0
2019-06-14 07:00:00,35.5,49.3,13.0
2019-06-14 08:00:00,35.75,64.3,11.0
2019-06-14 09:00:00,36.0,51.5,11.0
2019-06-14 10:00:00,36.25,34.3,14.0
2019-06-14 11:00:00,36.5,27.9,13.0
2019-06-14 12:00:00,35.3125,25.1,13.0
2019-06-14 13:00:00,34.125,21.8,15.0
2019-06-14 14:00:00,32.9375,17.1,16.0
2019-06-14 15:00:00,31.75,15.4,22.0
2019-06-14 16:00:00,30.5625,14.2,25.0
2019-06-14 17:00:00,29.375,15.2,25.0
2019-06-14 18:00:00,28.1875,18.9,26.0
2019-06-14 19:00:00,27.0,16.6,27.0
2019-06-14 20:00:00,25.8125,19.0,26.0
2019-06-14 21:00:00,24.625,25.0,26.0
2019-06-14 22:00:00,23.4375,41.9,25.0
2019-06-14 23:00:00,22.25,55.0,26.0
2019-06-15 00:00:00,21.0625,35.3,26.0
2019-06-15 01:00:00,19.875,32.1,26.0
2019-06-15 02:00:00,18.6875,29.6,22.0
2019-06-15 03:00:00,17.5,29.0,18.0
2019-06-15 04:00:00,18.541666666666668,33.9,14.0
2019-06-15 05:00:00,19.583333333333332,34.375,10.0
2019-06-15 06:00:00,20.625,34.849999999999994,10.0
2019-06-15 07:00:00,21.666666666666664,35.324999999999996,13.0
2019-06-15 08:00:00,22.708333333333332,35.8,13.0
2019-06-15 09:00:00,23.75,24.1,8.0
2019-06-15 10:00:00,24.791666666666664,17.6,8.0
2019-06-15 11:00:00,25.833333333333332,14.0,12.0
2019-06-15 12:00:00,26.875,12.1,14.0
2019-06-15 13:00:00,27.916666666666664,11.1,13.0
2019-06-15 14:00:00,28.958333333333332,9.4,18.0
2019-06-15 15:00:00,30.0,9.0,17.0
2019-06-15 16:00:00,31.041666666666664,9.6,18.0
2019-06-15 17:00:00,32.08333333333333,10.5,18.0
2019-06-15 18:00:00,33.125,10.7,20.0
2019-06-15 19:00:00,34.166666666666664,11.1,22.0
2019-06-15 20:00:00,35.20833333333333,14.0,22.0
2019-06-15 21:00:00,36.25,14.2,21.0
2019-06-15 22:00:00,37.291666666666664,15.2,20.0
2019-06-15 23:00:00,38.33333333333333,17.2,19.0
2019-06-16 00:00:00,39.375,20.1,19.0
2019-06-16 01:00:00,40.416666666666664,22.6,15.0
2019-06-16 02:00:00,41.45833333333333,16.5,15.0
2019-06-16 03:00:00,42.5,12.8,12.0
2019-06-16 04:00:00,42.479166666666664,11.4,12.0
2019-06-16 05:00:00,42.458333333333336,11.2,10.0
2019-06-16 06:00:00,42.4375,11.7,10.0
2019-06-16 07:00:00,42.416666666666664,14.0,8.0
2019-06-16 08:00:00,42.395833333333336,11.6,5.0
2019-06-16 09:00:00,42.375,10.2,4.0
2019-06-16 10:00:00,42.354166666666664,9.9,5.0
2019-06-16 11:00:00,42.333333333333336,9.4,6.0
2019-06-16 12:00:00,42.3125,8.7,6.0
2019-06-16 13:00:00,42.291666666666664,12.9,10.0
2019-06-16 14:00:00,42.270833333333336,11.2,16.0
2019-06-16 15:00:00,42.25,8.7,23.0
2019-06-16 16:00:00,42.229166666666664,8.1,26.0
2019-06-16 17:00:00,42.208333333333336,8.4,29.0
2019-06-16 18:00:00,42.1875,9.2,29.0
2019-06-16 19:00:00,42.166666666666664,11.8,28.0
2019-06-16 20:00:00,42.145833333333336,12.3,28.0
2019-06-16 21:00:00,42.125,14.4,27.0
2019-06-16 22:00:00,42.104166666666664,23.3,25.0
2019-06-16 23:00:00,42.083333333333336,42.7,24.0
2019-06-17 00:00:00,42.0625,56.6,23.0
2019-06-17 01:00:00,42.041666666666664,67.3,17.0
2019-06-17 02:00:00,42.020833333333336,69.3,17.0
2019-06-17 03:00:00,42.0,58.8,14.0
2019-06-17 04:00:00,35.5,53.1,14.0
2019-06-17 05:00:00,36.0,49.1,11.0
2019-06-17 06:00:00,39.5,45.7,11.0
2019-06-17 07:00:00,42.5,44.8,12.0
2019-06-17 08:00:00,43.5,52.3,13.0
2019-06-17 09:00:00,45.0,54.4,13.0
2019-06-17 10:00:00,41.0,51.6,11.0
2019-06-17 11:00:00,41.0,30.4,11.0
2019-06-17 12:00:00,41.0,16.0,11.0
2019-06-17 13:00:00,41.0,15.2,11.0
2019-06-17 14:00:00,41.0,10.1,11.0
2019-06-17 15:00:00,41.0,9.6,11.0
2019-06-17 16:00:00,41.0,11.5,11.0
2019-06-17 17:00:00,41.0,13.1,11.0
2019-06-17 18:00:00,41.0,11.9,11.0
2019-06-17 19:00:00,41.0,14.9,11.0
2019-06-17 20:00:00,41.0,15.4,11.0
2019-06-17 21:00:00,41.0,15.2,11.0
2019-06-17 22:00:00,41.0,20.5,11.0
2019-06-17 23:00:00,41.0,38.3,11.0
2019-06-18 00:00:00,41.0,51.0,11.0
2019-06-18 01:00:00,41.0,73.3,11.0
2019-06-18 02:00:00,41.0,66.2,11.0
2019-06-18 03:00:00,41.0,60.1,11.0
2019-06-18 04:00:00,41.0,39.8,11.0
2019-06-18 05:00:00,41.0,45.5,11.0
2019-06-18 06:00:00,41.0,26.5,11.0
2019-06-18 07:00:00,41.0,33.8,11.0
2019-06-18 08:00:00,41.0,51.4,11.0
2019-06-18 09:00:00,41.0,52.6,11.0
2019-06-18 10:00:00,41.0,49.6,11.0
2019-06-18 11:00:00,41.0,46.481818181818184,11.0
2019-06-18 12:00:00,41.0,43.36363636363637,11.0
2019-06-18 13:00:00,41.0,40.24545454545455,11.0
2019-06-18 14:00:00,41.0,37.127272727272725,11.0
2019-06-18 15:00:00,41.0,34.009090909090915,11.0
2019-06-18 16:00:00,41.0,30.890909090909094,11.0
2019-06-18 17:00:00,41.0,27.772727272727277,11.0
2019-06-18 18:00:00,41.0,24.654545454545456,11.0
2019-06-18 19:00:00,41.0,21.53636363636364,11.0
2019-06-18 20:00:00,41.0,18.41818181818182,11.0
2019-06-18 21:00:00,41.0,15.3,11.0
2019-06-18 22:00:00,41.0,17.0,11.0
2019-06-18 23:00:00,41.0,23.1,11.0
2019-06-19 00:00:00,41.0,39.3,11.0
2019-06-19 01:00:00,41.0,38.209090909090904,11.0
2019-06-19 02:00:00,41.0,37.11818181818182,11.0
2019-06-19 03:00:00,41.0,36.027272727272724,11.0
2019-06-19 04:00:00,41.0,34.93636363636364,11.0
2019-06-19 05:00:00,41.0,33.845454545454544,11.0
2019-06-19 06:00:00,41.0,32.75454545454545,11.0
2019-06-19 07:00:00,41.0,31.663636363636364,11.0
2019-06-19 08:00:00,41.0,30.57272727272727,11.0
2019-06-19 09:00:00,41.0,29.48181818181818,11.0
2019-06-19 10:00:00,41.0,28.39090909090909,11.0
2019-06-19 11:00:00,41.0,27.3,11.0
2019-06-19 12:00:00,41.0,26.6,11.0
2019-06-19 13:00:00,41.0,26.333333333333336,11.0
2019-06-19 14:00:00,41.0,26.066666666666666,11.0
2019-06-19 15:00:00,41.0,25.8,11.0
2019-06-19 16:00:00,41.0,25.533333333333335,11.0
2019-06-19 17:00:00,41.0,25.266666666666666,11.0
2019-06-19 18:00:00,41.0,25.0,11.0
2019-06-19 19:00:00,41.0,24.733333333333334,11.0
2019-06-19 20:00:00,41.0,24.46666666666667,11.0
2019-06-19 21:00:00,41.0,24.2,11.0
2019-06-19 22:00:00,41.0,23.933333333333334,11.0
2019-06-19 23:00:00,41.0,23.666666666666668,11.0
2019-06-20 00:00:00,41.0,23.4,11.0
2019-06-20 01:00:00,41.0,23.133333333333333,11.0
2019-06-20 02:00:00,41.0,22.866666666666667,11.0
2019-06-20 03:00:00,41.0,22.6,11.0
2019-06-20 04:00:00,41.0,22.333333333333332,11.0
2019-06-20 05:00:00,41.0,22.066666666666666,11.0
2019-06-20 06:00:00,41.0,21.799999999999997,11.0
2019-06-20 07:00:00,41.0,21.53333333333333,11.0
2019-06-20 08:00:00,41.0,21.266666666666666,11.0
2019-06-20 09:00:00,41.0,21.0,11.0
2019-06-20 10:00:00,41.0,20.733333333333334,11.0
2019-06-20 11:00:00,41.0,20.466666666666665,11.0
2019-06-20 12:00:00,41.0,20.2,11.0
2019-06-20 13:00:00,41.0,19.93333333333333,11.0
2019-06-20 14:00:00,41.0,19.666666666666664,11.0
2019-06-20 15:00:00,41.0,19.4,11.0
2019-06-20 16:00:00,41.0,20.1,11.0
2019-06-20 17:00:00,41.0,19.3,11.0
2019-06-20 18:00:00,41.0,19.0,11.0
2019-06-20 19:00:00,41.0,23.2,11.0
2019-06-20 20:00:00,41.0,23.9,11.0
2019-06-20 21:00:00,41.0,25.3,11.0
2019-06-20 22:00:00,41.0,21.4,11.0
2019-06-20 23:00:00,41.0,24.9,11.0
2019-06-21 00:00:00,41.0,26.5,11.0
2019-06-21 01:00:00,41.0,21.8,11.0
2019-06-21 02:00:00,41.0,20.0,11.0
